step,split,loss,lr
0,train,9.346615,0.07202999999999998
1,train,7.616437,0.07202999999999998
2,train,8.025219,0.07202999999999998
3,train,16.221588,0.07202999999999998
4,train,10.457922,0.07202999999999998
5,train,17.302368,0.07202999999999998
6,train,12.010588,0.07202999999999998
7,train,9.293453,0.07202999999999998
8,train,7.980121,0.07202999999999998
9,train,7.509342,0.07202999999999998
10,train,7.413778,0.07202999999999998
11,train,6.935243,0.07202999999999998
12,train,6.054884,0.07202999999999998
13,train,5.408072,0.07202999999999998
14,train,5.004934,0.07202999999999998
15,train,4.823195,0.07202999999999998
16,train,4.751550,0.07202999999999998
17,train,4.743172,0.07202999999999998
18,train,4.554560,0.07202999999999998
19,train,4.356665,0.07202999999999998
20,train,4.420150,0.07202999999999998
21,train,4.435822,0.07202999999999998
22,train,4.432235,0.07202999999999998
23,train,4.432421,0.07202999999999998
24,train,4.443194,0.07202999999999998
25,train,4.379848,0.07202999999999998
26,train,4.319721,0.07202999999999998
27,train,4.271769,0.07202999999999998
28,train,4.279647,0.07202999999999998
29,train,4.306347,0.07202999999999998
30,train,4.329099,0.07202999999999998
31,train,4.304912,0.07202999999999998
32,train,4.285524,0.07202999999999998
33,train,4.299573,0.07202999999999998
34,train,4.272676,0.07202999999999998
35,train,4.246889,0.07202999999999998
36,train,4.258273,0.07202999999999998
37,train,4.234770,0.07202999999999998
38,train,4.241809,0.07202999999999998
39,train,4.220017,0.07202999999999998
40,train,4.234760,0.07202999999999998
41,train,4.221003,0.07202999999999998
42,train,4.244677,0.07202999999999998
43,train,4.251328,0.07202999999999998
44,train,4.213884,0.07202999999999998
45,train,4.206253,0.07202999999999998
46,train,4.206172,0.07202999999999998
47,train,4.194748,0.07202999999999998
48,train,4.221828,0.07202999999999998
49,train,4.209465,0.07202999999999998
50,train,4.194429,0.07202999999999998
51,train,4.204724,0.07202999999999998
52,train,4.202879,0.07202999999999998
53,train,4.200414,0.07202999999999998
54,train,4.190875,0.07202999999999998
55,train,4.177424,0.07202999999999998
56,train,4.178263,0.07202999999999998
57,train,4.182025,0.07202999999999998
58,train,4.184182,0.07202999999999998
59,train,4.177880,0.07202999999999998
60,train,4.167202,0.07202999999999998
61,train,4.168324,0.07202999999999998
62,train,4.166873,0.07202999999999998
63,train,4.148876,0.07202999999999998
64,train,4.155318,0.07202999999999998
65,train,4.129756,0.07202999999999998
66,train,4.124279,0.07202999999999998
67,train,4.085997,0.07202999999999998
68,train,4.071175,0.07202999999999998
69,train,4.028619,0.07202999999999998
70,train,3.971225,0.07202999999999998
71,train,3.956546,0.07202999999999998
72,train,3.886893,0.07202999999999998
73,train,3.874129,0.07202999999999998
74,train,3.842615,0.07202999999999998
75,train,3.796542,0.07202999999999998
76,train,3.784196,0.07202999999999998
77,train,3.770186,0.07202999999999998
78,train,3.721724,0.07202999999999998
79,train,3.690678,0.07202999999999998
80,train,3.633629,0.07202999999999998
81,train,3.614734,0.07202999999999998
82,train,3.573854,0.07202999999999998
83,train,3.551844,0.07202999999999998
84,train,3.521682,0.07202999999999998
85,train,3.506633,0.07202999999999998
86,train,3.473178,0.07202999999999998
87,train,3.475458,0.07202999999999998
88,train,3.447055,0.07202999999999998
89,train,3.411541,0.07202999999999998
90,train,3.425914,0.07202999999999998
91,train,3.379506,0.07202999999999998
92,train,3.355625,0.07202999999999998
93,train,3.364647,0.07202999999999998
94,train,3.315532,0.07202999999999998
95,train,3.323346,0.07202999999999998
96,train,3.295841,0.07202999999999998
97,train,3.290042,0.07202999999999998
98,train,3.278193,0.07202999999999998
99,train,3.278363,0.07202999999999998
100,train,3.283660,0.07202999999999998
100,val,3.240019,0.07202999999999998
101,train,3.268949,0.07202999999999998
102,train,3.225895,0.07202999999999998
103,train,3.198416,0.07202999999999998
104,train,3.230205,0.07202999999999998
105,train,3.201119,0.07202999999999998
106,train,3.208462,0.07202999999999998
107,train,3.195977,0.07202999999999998
108,train,3.180563,0.07202999999999998
109,train,3.180479,0.07202999999999998
110,train,3.151608,0.07202999999999998
111,train,3.157699,0.07202999999999998
112,train,3.133065,0.07202999999999998
113,train,3.137339,0.07202999999999998
114,train,3.124535,0.07202999999999998
115,train,3.126387,0.07202999999999998
116,train,3.134886,0.07202999999999998
117,train,3.105710,0.07202999999999998
118,train,3.096537,0.07202999999999998
119,train,3.082723,0.07202999999999998
120,train,3.068535,0.07202999999999998
121,train,3.061386,0.07202999999999998
122,train,3.072603,0.07202999999999998
123,train,3.061064,0.07202999999999998
124,train,3.035349,0.07202999999999998
125,train,3.035003,0.07202999999999998
126,train,3.020304,0.07202999999999998
127,train,3.041760,0.07202999999999998
128,train,3.013502,0.07202999999999998
129,train,3.005009,0.07202999999999998
130,train,3.010345,0.07202999999999998
131,train,2.991073,0.07202999999999998
132,train,3.001871,0.07202999999999998
133,train,2.977041,0.07202999999999998
134,train,3.020341,0.07202999999999998
135,train,2.990552,0.07202999999999998
136,train,2.979786,0.07202999999999998
137,train,2.984829,0.07202999999999998
138,train,2.997060,0.07202999999999998
139,train,2.967866,0.07202999999999998
140,train,2.957286,0.07202999999999998
141,train,2.937358,0.07202999999999998
142,train,2.944608,0.07202999999999998
143,train,2.922377,0.07202999999999998
144,train,2.920020,0.07202999999999998
145,train,2.887155,0.07202999999999998
146,train,2.899459,0.07202999999999998
147,train,2.887897,0.07202999999999998
148,train,2.891167,0.07202999999999998
149,train,2.890471,0.07202999999999998
150,train,2.864830,0.07202999999999998
151,train,2.832850,0.07202999999999998
152,train,2.857624,0.07202999999999998
153,train,2.843464,0.07202999999999998
154,train,2.832894,0.07202999999999998
155,train,2.826643,0.07202999999999998
156,train,2.792749,0.07202999999999998
157,train,2.809242,0.07202999999999998
158,train,2.777336,0.07202999999999998
159,train,2.797114,0.07202999999999998
160,train,2.793917,0.07202999999999998
161,train,2.764431,0.07202999999999998
162,train,2.781335,0.07202999999999998
163,train,2.763122,0.07202999999999998
164,train,2.744136,0.07202999999999998
165,train,2.870278,0.07202999999999998
166,train,2.881585,0.07202999999999998
167,train,2.895814,0.07202999999999998
168,train,2.919414,0.07202999999999998
169,train,2.853518,0.07202999999999998
170,train,2.847071,0.07202999999999998
171,train,2.845554,0.07202999999999998
172,train,2.836765,0.07202999999999998
173,train,2.803342,0.07202999999999998
174,train,2.778956,0.07202999999999998
175,train,2.786116,0.07202999999999998
176,train,2.795248,0.07202999999999998
177,train,2.778147,0.07202999999999998
178,train,2.764746,0.07202999999999998
179,train,2.737937,0.07202999999999998
180,train,2.743854,0.07202999999999998
181,train,2.745603,0.07202999999999998
182,train,2.710041,0.07202999999999998
183,train,2.675312,0.07202999999999998
184,train,2.651954,0.07202999999999998
185,train,2.646672,0.07202999999999998
186,train,2.644363,0.07202999999999998
187,train,2.623002,0.07202999999999998
188,train,2.620059,0.07202999999999998
189,train,2.594272,0.07202999999999998
190,train,2.601627,0.07202999999999998
191,train,2.567302,0.07202999999999998
192,train,2.589846,0.07202999999999998
193,train,2.568113,0.07202999999999998
194,train,2.553873,0.07202999999999998
195,train,2.559519,0.07202999999999998
196,train,2.525993,0.07202999999999998
197,train,2.549569,0.07202999999999998
198,train,2.608726,0.07202999999999998
199,train,2.699059,0.07202999999999998
200,train,2.686489,0.07202999999999998
200,val,2.769869,0.07202999999999998
201,train,2.779420,0.07202999999999998
202,train,2.694327,0.07202999999999998
203,train,2.605674,0.07202999999999998
204,train,2.661433,0.07202999999999998
205,train,2.624603,0.07202999999999998
206,train,2.617595,0.07202999999999998
207,train,2.604597,0.07202999999999998
208,train,2.606138,0.07202999999999998
209,train,2.613657,0.07202999999999998
210,train,2.613839,0.07202999999999998
211,train,2.610098,0.07202999999999998
212,train,2.561882,0.07202999999999998
213,train,2.543980,0.07202999999999998
214,train,2.544879,0.07202999999999998
215,train,2.513906,0.07202999999999998
216,train,2.514811,0.07202999999999998
217,train,2.516980,0.07202999999999998
218,train,2.485770,0.07202999999999998
219,train,2.489336,0.07202999999999998
220,train,2.486557,0.07202999999999998
221,train,2.472403,0.07202999999999998
222,train,2.478963,0.07202999999999998
223,train,2.466607,0.07202999999999998
224,train,2.451521,0.07202999999999998
225,train,2.456988,0.07202999999999998
226,train,2.450871,0.07202999999999998
227,train,2.444377,0.07202999999999998
228,train,2.417840,0.07202999999999998
229,train,2.424776,0.07202999999999998
230,train,2.423190,0.07202999999999998
231,train,2.412013,0.07202999999999998
232,train,2.401347,0.07202999999999998
233,train,2.389856,0.07202999999999998
234,train,2.381975,0.07202999999999998
235,train,2.373699,0.07202999999999998
236,train,2.359657,0.07202999999999998
237,train,2.398301,0.07202999999999998
238,train,2.365118,0.07202999999999998
239,train,2.342682,0.07202999999999998
240,train,2.353358,0.07202999999999998
241,train,2.338917,0.07202999999999998
242,train,2.344311,0.07202999999999998
243,train,2.330233,0.07202999999999998
244,train,2.357191,0.07202999999999998
245,train,2.355302,0.07202999999999998
246,train,2.332648,0.07202999999999998
247,train,2.319484,0.07202999999999998
248,train,2.335299,0.07202999999999998
249,train,2.313623,0.07202999999999998
250,train,2.288460,0.07202999999999998
251,train,2.276732,0.07202999999999998
252,train,2.288665,0.07202999999999998
253,train,2.271037,0.07202999999999998
254,train,2.277563,0.07202999999999998
255,train,2.311971,0.07202999999999998
256,train,2.262407,0.07202999999999998
257,train,2.249201,0.07202999999999998
258,train,2.244633,0.07202999999999998
259,train,2.254138,0.07202999999999998
260,train,2.275214,0.07202999999999998
261,train,2.272364,0.07202999999999998
262,train,2.249714,0.07202999999999998
263,train,2.235059,0.07202999999999998
264,train,2.233205,0.07202999999999998
265,train,2.234689,0.07202999999999998
266,train,2.225566,0.07202999999999998
267,train,2.207521,0.07202999999999998
268,train,2.176572,0.07202999999999998
269,train,2.166874,0.07202999999999998
270,train,2.179268,0.07202999999999998
271,train,2.218631,0.07202999999999998
272,train,2.185176,0.07202999999999998
273,train,2.156291,0.07202999999999998
274,train,2.165003,0.07202999999999998
275,train,2.132513,0.07202999999999998
276,train,2.164408,0.07202999999999998
277,train,2.130049,0.07202999999999998
278,train,2.151686,0.07202999999999998
279,train,2.116920,0.07202999999999998
280,train,2.099923,0.07202999999999998
281,train,2.129139,0.07202999999999998
282,train,2.163801,0.07202999999999998
283,train,2.182732,0.07202999999999998
284,train,2.321310,0.07202999999999998
285,train,2.332242,0.07202999999999998
286,train,2.287887,0.07202999999999998
287,train,2.252097,0.07202999999999998
288,train,2.259611,0.07202999999999998
289,train,2.211624,0.07202999999999998
290,train,2.236947,0.07202999999999998
291,train,2.188432,0.07202999999999998
292,train,2.182950,0.07202999999999998
293,train,2.188518,0.07202999999999998
294,train,2.182796,0.07202999999999998
295,train,2.149567,0.07202999999999998
296,train,2.161155,0.07202999999999998
297,train,2.107343,0.07202999999999998
298,train,2.117433,0.07202999999999998
299,train,2.127995,0.07202999999999998
300,train,2.117433,0.07202999999999998
300,val,2.094440,0.07202999999999998
301,train,2.112928,0.07202999999999998
302,train,2.093575,0.07202999999999998
303,train,2.088667,0.07202999999999998
304,train,2.061950,0.07202999999999998
305,train,2.061319,0.07202999999999998
306,train,2.081293,0.07202999999999998
307,train,2.050395,0.07202999999999998
308,train,2.045631,0.07202999999999998
309,train,2.039210,0.07202999999999998
310,train,2.033116,0.07202999999999998
311,train,1.997670,0.07202999999999998
312,train,2.028859,0.07202999999999998
313,train,1.987811,0.07202999999999998
314,train,1.988873,0.07202999999999998
315,train,2.018306,0.07202999999999998
316,train,1.992143,0.07202999999999998
317,train,1.968222,0.07202999999999998
318,train,1.973133,0.07202999999999998
319,train,1.963270,0.07202999999999998
320,train,1.931102,0.07202999999999998
321,train,1.942361,0.07202999999999998
322,train,1.957595,0.07202999999999998
323,train,1.924180,0.07202999999999998
324,train,1.923563,0.07202999999999998
325,train,1.925592,0.07202999999999998
326,train,1.906106,0.07202999999999998
327,train,1.930372,0.07202999999999998
328,train,1.920584,0.07202999999999998
329,train,1.917707,0.07202999999999998
330,train,1.923088,0.07202999999999998
331,train,1.935161,0.07202999999999998
332,train,1.927876,0.07202999999999998
333,train,1.909576,0.07202999999999998
334,train,1.908270,0.07202999999999998
335,train,1.932436,0.07202999999999998
336,train,1.923493,0.07202999999999998
337,train,1.904687,0.07202999999999998
338,train,1.905224,0.07202999999999998
339,train,1.955270,0.07202999999999998
340,train,1.935166,0.07202999999999998
341,train,1.934326,0.07202999999999998
342,train,1.888442,0.07202999999999998
343,train,1.898500,0.07202999999999998
344,train,1.909893,0.07202999999999998
345,train,1.910548,0.07202999999999998
346,train,1.893083,0.07202999999999998
347,train,1.890062,0.07202999999999998
348,train,1.896303,0.07202999999999998
349,train,1.882237,0.07202999999999998
350,train,1.871894,0.07202999999999998
351,train,1.866195,0.07202999999999998
352,train,1.853096,0.07202999999999998
353,train,1.864712,0.07202999999999998
354,train,1.826440,0.07202999999999998
355,train,1.830101,0.07202999999999998
356,train,1.855534,0.07202999999999998
357,train,1.844833,0.07202999999999998
358,train,1.822873,0.07202999999999998
359,train,1.831901,0.07202999999999998
360,train,1.840834,0.07202999999999998
361,train,1.863419,0.07202999999999998
362,train,1.794611,0.07202999999999998
363,train,1.813075,0.07202999999999998
364,train,1.804476,0.07202999999999998
365,train,1.785352,0.07202999999999998
366,train,1.795331,0.07202999999999998
367,train,1.805011,0.07202999999999998
368,train,1.780511,0.07202999999999998
369,train,1.808628,0.07202999999999998
370,train,1.784839,0.07202999999999998
371,train,1.797984,0.07202999999999998
372,train,1.782570,0.07202999999999998
373,train,1.784505,0.07202999999999998
374,train,1.820888,0.07202999999999998
375,train,1.812323,0.07202999999999998
376,train,1.757713,0.07202999999999998
377,train,1.788979,0.07202999999999998
378,train,1.802832,0.07202999999999998
379,train,1.807248,0.07202999999999998
380,train,1.780907,0.07202999999999998
381,train,1.865023,0.07202999999999998
382,train,1.865284,0.07202999999999998
383,train,1.920361,0.07202999999999998
384,train,2.066405,0.07202999999999998
385,train,2.003104,0.07202999999999998
386,train,2.099998,0.07202999999999998
387,train,2.441539,0.07202999999999998
388,train,2.992187,0.07202999999999998
389,train,3.587321,0.07202999999999998
390,train,4.020317,0.07202999999999998
391,train,3.183547,0.07202999999999998
392,train,3.261663,0.07202999999999998
393,train,3.116517,0.07202999999999998
394,train,3.129762,0.07202999999999998
395,train,3.062328,0.07202999999999998
396,train,3.021122,0.07202999999999998
397,train,2.928032,0.07202999999999998
398,train,2.878254,0.07202999999999998
399,train,2.831092,0.07202999999999998
400,train,2.785267,0.07202999999999998
400,val,2.739413,0.07202999999999998
401,train,2.747299,0.07202999999999998
402,train,2.677995,0.07202999999999998
403,train,2.629111,0.07202999999999998
404,train,2.567244,0.07202999999999998
405,train,2.550221,0.07202999999999998
406,train,2.501573,0.07202999999999998
407,train,2.496970,0.07202999999999998
408,train,2.451574,0.07202999999999998
409,train,2.428306,0.07202999999999998
410,train,2.376542,0.07202999999999998
411,train,2.346976,0.07202999999999998
412,train,2.380869,0.07202999999999998
413,train,2.317752,0.07202999999999998
414,train,2.283948,0.07202999999999998
415,train,2.308485,0.07202999999999998
416,train,2.273412,0.07202999999999998
417,train,2.250736,0.07202999999999998
418,train,2.232888,0.07202999999999998
419,train,2.225497,0.07202999999999998
420,train,2.242865,0.07202999999999998
421,train,2.273716,0.07202999999999998
422,train,2.193940,0.07202999999999998
423,train,2.216300,0.07202999999999998
424,train,2.210930,0.07202999999999998
425,train,2.188707,0.07202999999999998
426,train,2.163697,0.07202999999999998
427,train,2.158526,0.07202999999999998
428,train,2.149321,0.07202999999999998
429,train,2.124833,0.07202999999999998
430,train,2.112337,0.07202999999999998
431,train,2.118325,0.07202999999999998
432,train,2.049620,0.07202999999999998
433,train,2.083270,0.07202999999999998
434,train,2.057310,0.07202999999999998
435,train,2.074880,0.07202999999999998
436,train,2.041268,0.07202999999999998
437,train,2.049654,0.07202999999999998
438,train,2.022381,0.07202999999999998
439,train,2.038446,0.07202999999999998
440,train,2.052582,0.07202999999999998
441,train,2.021845,0.07202999999999998
442,train,2.016793,0.07202999999999998
443,train,2.020875,0.07202999999999998
444,train,1.998280,0.07202999999999998
445,train,1.999455,0.07202999999999998
446,train,1.997632,0.07202999999999998
447,train,1.981676,0.07202999999999998
448,train,1.983633,0.07202999999999998
449,train,1.953568,0.07202999999999998
450,train,1.952220,0.07202999999999998
451,train,1.934058,0.07202999999999998
452,train,1.965245,0.07202999999999998
453,train,1.949617,0.07202999999999998
454,train,1.935615,0.07202999999999998
455,train,1.913495,0.07202999999999998
456,train,1.951978,0.07202999999999998
457,train,1.952650,0.07202999999999998
458,train,1.901640,0.07202999999999998
459,train,1.924694,0.07202999999999998
460,train,1.889591,0.07202999999999998
461,train,1.918770,0.07202999999999998
462,train,1.914630,0.07202999999999998
463,train,1.924527,0.07202999999999998
464,train,1.893610,0.07202999999999998
465,train,1.937221,0.07202999999999998
466,train,1.900443,0.07202999999999998
467,train,1.891744,0.07202999999999998
468,train,1.897474,0.07202999999999998
469,train,1.879755,0.07202999999999998
470,train,1.858347,0.07202999999999998
471,train,1.843579,0.07202999999999998
472,train,1.862330,0.07202999999999998
473,train,1.827573,0.07202999999999998
474,train,1.900691,0.07202999999999998
475,train,1.860877,0.07202999999999998
476,train,1.882401,0.07202999999999998
477,train,1.867910,0.07202999999999998
478,train,1.853760,0.07202999999999998
479,train,1.816792,0.07202999999999998
480,train,1.883012,0.07202999999999998
481,train,1.836651,0.07202999999999998
482,train,1.845140,0.07202999999999998
483,train,1.872850,0.07202999999999998
484,train,1.818653,0.07202999999999998
485,train,1.841250,0.07202999999999998
486,train,1.790588,0.07202999999999998
487,train,1.826511,0.07202999999999998
488,train,1.819126,0.07202999999999998
489,train,1.806530,0.07202999999999998
490,train,1.820364,0.07202999999999998
491,train,1.814991,0.07202999999999998
492,train,1.788525,0.07202999999999998
493,train,1.814060,0.07202999999999998
494,train,1.819554,0.07202999999999998
495,train,1.790840,0.07202999999999998
496,train,1.777826,0.07202999999999998
497,train,1.791741,0.07202999999999998
498,train,1.803163,0.07202999999999998
499,train,1.800074,0.07202999999999998
500,train,1.827790,0.07202999999999998
500,val,1.828575,0.07202999999999998
501,train,1.819642,0.07202999999999998
502,train,1.819748,0.07202999999999998
503,train,1.794350,0.07202999999999998
504,train,1.804037,0.07202999999999998
505,train,1.797679,0.07202999999999998
506,train,1.821079,0.07202999999999998
507,train,1.794621,0.07202999999999998
508,train,1.791644,0.07202999999999998
509,train,1.811673,0.07202999999999998
510,train,1.807230,0.07202999999999998
511,train,1.769343,0.07202999999999998
512,train,1.784581,0.07202999999999998
513,train,1.780735,0.07202999999999998
514,train,1.745480,0.07202999999999998
515,train,1.787825,0.07202999999999998
516,train,1.804190,0.07202999999999998
517,train,1.745641,0.07202999999999998
518,train,1.768624,0.07202999999999998
519,train,1.752096,0.07202999999999998
520,train,1.754593,0.07202999999999998
521,train,1.736419,0.07202999999999998
522,train,1.744498,0.07202999999999998
523,train,1.752823,0.07202999999999998
524,train,1.727463,0.07202999999999998
525,train,1.734026,0.07202999999999998
526,train,1.768881,0.07202999999999998
527,train,1.741645,0.07202999999999998
528,train,1.762877,0.07202999999999998
529,train,1.724107,0.07202999999999998
530,train,1.733721,0.07202999999999998
531,train,1.749816,0.07202999999999998
532,train,1.753823,0.07202999999999998
533,train,1.728511,0.07202999999999998
534,train,1.762721,0.07202999999999998
535,train,1.743677,0.07202999999999998
536,train,1.731421,0.07202999999999998
537,train,1.741444,0.07202999999999998
538,train,1.703691,0.07202999999999998
539,train,1.704857,0.07202999999999998
540,train,1.736079,0.07202999999999998
541,train,1.691002,0.07202999999999998
542,train,1.733766,0.07202999999999998
543,train,1.711806,0.07202999999999998
544,train,1.722259,0.07202999999999998
545,train,1.739470,0.07202999999999998
546,train,1.725435,0.07202999999999998
547,train,1.709489,0.07202999999999998
548,train,1.718898,0.07202999999999998
549,train,1.690225,0.07202999999999998
550,train,1.726377,0.07202999999999998
551,train,1.684508,0.07202999999999998
552,train,1.717988,0.07202999999999998
553,train,1.662444,0.07202999999999998
554,train,1.715581,0.07202999999999998
555,train,1.695535,0.07202999999999998
556,train,1.698798,0.07202999999999998
557,train,1.690578,0.07202999999999998
558,train,1.683203,0.07202999999999998
559,train,1.680358,0.07202999999999998
560,train,1.664716,0.07202999999999998
561,train,1.652574,0.07202999999999998
562,train,1.672877,0.07202999999999998
563,train,1.678365,0.07202999999999998
564,train,1.646755,0.07202999999999998
565,train,1.640141,0.07202999999999998
566,train,1.684048,0.07202999999999998
567,train,1.689887,0.07202999999999998
568,train,1.669613,0.07202999999999998
569,train,1.654314,0.07202999999999998
570,train,1.632002,0.07202999999999998
571,train,1.674883,0.07202999999999998
572,train,1.638911,0.07202999999999998
573,train,1.657929,0.07202999999999998
574,train,1.642021,0.07202999999999998
575,train,1.676404,0.07202999999999998
576,train,1.631610,0.07202999999999998
577,train,1.657221,0.07202999999999998
578,train,1.622422,0.07202999999999998
579,train,1.649879,0.07202999999999998
580,train,1.664611,0.07202999999999998
581,train,1.648295,0.07202999999999998
582,train,1.612563,0.07202999999999998
583,train,1.629582,0.07202999999999998
584,train,1.638616,0.07202999999999998
585,train,1.626442,0.07202999999999998
586,train,1.620907,0.07202999999999998
587,train,1.623457,0.07202999999999998
588,train,1.621611,0.07202999999999998
589,train,1.653588,0.07202999999999998
590,train,1.626374,0.07202999999999998
591,train,1.639095,0.07202999999999998
592,train,1.670177,0.07202999999999998
593,train,1.789350,0.07202999999999998
594,train,1.885102,0.07202999999999998
595,train,2.072527,0.07202999999999998
596,train,3.551469,0.07202999999999998
597,train,2.472319,0.07202999999999998
598,train,3.650819,0.07202999999999998
599,train,3.658798,0.07202999999999998
600,train,4.090236,0.07202999999999998
600,val,4.186020,0.07202999999999998
601,train,4.193689,0.07202999999999998
602,train,4.147146,0.07202999999999998
603,train,4.091180,0.07202999999999998
604,train,4.002616,0.07202999999999998
605,train,3.947446,0.07202999999999998
606,train,3.785420,0.07202999999999998
607,train,3.668507,0.07202999999999998
608,train,3.581065,0.07202999999999998
609,train,3.562769,0.07202999999999998
610,train,3.542307,0.07202999999999998
611,train,3.454865,0.07202999999999998
612,train,3.397956,0.07202999999999998
613,train,3.597892,0.07202999999999998
614,train,3.708724,0.07202999999999998
615,train,3.537593,0.07202999999999998
616,train,3.479505,0.07202999999999998
617,train,3.477971,0.07202999999999998
618,train,3.419202,0.07202999999999998
619,train,3.374793,0.07202999999999998
620,train,3.326834,0.07202999999999998
621,train,3.319159,0.07202999999999998
622,train,3.214008,0.07202999999999998
623,train,3.229772,0.07202999999999998
624,train,3.210259,0.07202999999999998
625,train,3.167299,0.07202999999999998
626,train,3.177476,0.07202999999999998
627,train,3.144016,0.07202999999999998
628,train,3.102056,0.07202999999999998
629,train,3.094360,0.07202999999999998
630,train,3.074994,0.07202999999999998
631,train,3.013903,0.07202999999999998
632,train,2.989202,0.07202999999999998
633,train,2.981810,0.07202999999999998
634,train,2.984835,0.07202999999999998
635,train,2.924401,0.07202999999999998
636,train,2.936502,0.07202999999999998
637,train,2.919535,0.07202999999999998
638,train,2.883912,0.07202999999999998
639,train,2.857591,0.07202999999999998
640,train,2.852402,0.07202999999999998
641,train,2.832361,0.07202999999999998
642,train,2.806108,0.07202999999999998
643,train,2.786161,0.07202999999999998
644,train,2.778709,0.07202999999999998
645,train,2.768446,0.07202999999999998
646,train,2.714354,0.07202999999999998
647,train,2.752506,0.07202999999999998
648,train,2.696408,0.07202999999999998
649,train,2.660532,0.07202999999999998
650,train,2.674301,0.07202999999999998
651,train,2.678337,0.07202999999999998
652,train,2.651193,0.07202999999999998
653,train,2.613184,0.07202999999999998
654,train,2.604899,0.07202999999999998
655,train,2.590848,0.07202999999999998
656,train,2.590351,0.07202999999999998
657,train,2.560253,0.07202999999999998
658,train,2.560437,0.07202999999999998
659,train,2.574524,0.07202999999999998
660,train,2.535450,0.07202999999999998
661,train,2.532163,0.07202999999999998
662,train,2.526557,0.07202999999999998
663,train,2.535723,0.07202999999999998
664,train,2.484575,0.07202999999999998
665,train,2.496963,0.07202999999999998
666,train,2.497492,0.07202999999999998
667,train,2.455909,0.07202999999999998
668,train,2.431887,0.07202999999999998
669,train,2.453684,0.07202999999999998
670,train,2.438743,0.07202999999999998
671,train,2.437510,0.07202999999999998
672,train,2.433474,0.07202999999999998
673,train,2.437621,0.07202999999999998
674,train,2.397546,0.07202999999999998
675,train,2.418217,0.07202999999999998
676,train,2.389309,0.07202999999999998
677,train,2.372025,0.07202999999999998
678,train,2.388518,0.07202999999999998
679,train,2.382454,0.07202999999999998
680,train,2.345735,0.07202999999999998
681,train,2.369913,0.07202999999999998
682,train,2.324708,0.07202999999999998
683,train,2.319419,0.07202999999999998
684,train,2.321591,0.07202999999999998
685,train,2.311934,0.07202999999999998
686,train,2.299654,0.07202999999999998
687,train,2.306141,0.07202999999999998
688,train,2.316337,0.07202999999999998
689,train,2.271294,0.07202999999999998
690,train,2.253623,0.07202999999999998
691,train,2.236105,0.07202999999999998
692,train,2.222872,0.07202999999999998
693,train,2.244605,0.07202999999999998
694,train,2.225730,0.07202999999999998
695,train,2.200729,0.07202999999999998
696,train,2.221799,0.07202999999999998
697,train,2.205306,0.07202999999999998
698,train,2.202987,0.07202999999999998
699,train,2.220589,0.07202999999999998
700,train,2.188396,0.07202999999999998
700,val,2.194063,0.07202999999999998
701,train,2.188418,0.07202999999999998
702,train,2.212837,0.07202999999999998
703,train,2.159380,0.07202999999999998
704,train,2.174197,0.07202999999999998
705,train,2.145751,0.07202999999999998
706,train,2.169915,0.07202999999999998
707,train,2.173445,0.07202999999999998
708,train,2.184003,0.07202999999999998
709,train,2.167421,0.07202999999999998
710,train,2.181674,0.07202999999999998
711,train,2.126067,0.07202999999999998
712,train,2.133158,0.07202999999999998
713,train,2.129200,0.07202999999999998
714,train,2.115798,0.07202999999999998
715,train,2.136696,0.07202999999999998
716,train,2.128847,0.07202999999999998
717,train,2.127446,0.07202999999999998
718,train,2.112790,0.07202999999999998
719,train,2.109107,0.07202999999999998
720,train,2.107818,0.07202999999999998
721,train,2.118754,0.07202999999999998
722,train,2.090332,0.07202999999999998
723,train,2.072727,0.07202999999999998
724,train,2.055705,0.07202999999999998
725,train,2.074270,0.07202999999999998
726,train,2.031793,0.07202999999999998
727,train,2.050523,0.07202999999999998
728,train,2.057878,0.07202999999999998
729,train,2.069820,0.07202999999999998
730,train,2.022676,0.07202999999999998
731,train,2.047409,0.07202999999999998
732,train,2.027894,0.07202999999999998
733,train,2.071328,0.07202999999999998
734,train,1.970973,0.07202999999999998
735,train,1.983989,0.07202999999999998
736,train,2.030274,0.07202999999999998
737,train,2.003834,0.07202999999999998
738,train,1.980866,0.07202999999999998
739,train,1.986833,0.07202999999999998
740,train,2.005327,0.07202999999999998
741,train,2.014179,0.07202999999999998
742,train,2.014896,0.07202999999999998
743,train,1.997078,0.07202999999999998
744,train,1.968240,0.07202999999999998
745,train,1.968078,0.07202999999999998
746,train,1.997378,0.07202999999999998
747,train,1.951455,0.07202999999999998
748,train,1.924055,0.07202999999999998
749,train,1.965938,0.07202999999999998
750,train,1.937917,0.07202999999999998
751,train,1.942421,0.07202999999999998
752,train,1.942051,0.07202999999999998
753,train,1.937765,0.07202999999999998
754,train,1.946962,0.07202999999999998
755,train,1.949198,0.07202999999999998
756,train,1.933868,0.07202999999999998
757,train,1.921618,0.07202999999999998
758,train,1.897939,0.07202999999999998
759,train,1.901373,0.07202999999999998
760,train,1.920349,0.07202999999999998
761,train,1.937006,0.07202999999999998
762,train,1.940911,0.07202999999999998
763,train,1.888587,0.07202999999999998
764,train,1.900478,0.07202999999999998
765,train,1.919493,0.07202999999999998
766,train,1.901799,0.07202999999999998
767,train,1.889157,0.07202999999999998
768,train,1.908836,0.07202999999999998
769,train,1.846964,0.07202999999999998
770,train,1.877343,0.07202999999999998
771,train,1.868729,0.07202999999999998
772,train,1.928224,0.07202999999999998
773,train,1.894336,0.07202999999999998
774,train,1.905882,0.07202999999999998
775,train,1.923348,0.07202999999999998
776,train,1.864863,0.07202999999999998
777,train,1.890225,0.07202999999999998
778,train,1.886694,0.07202999999999998
779,train,1.861650,0.07202999999999998
780,train,1.839136,0.07202999999999998
781,train,1.839593,0.07202999999999998
782,train,1.872924,0.07202999999999998
783,train,1.836260,0.07202999999999998
784,train,1.845325,0.07202999999999998
785,train,1.828518,0.07202999999999998
786,train,1.825790,0.07202999999999998
787,train,1.819083,0.07202999999999998
788,train,1.887107,0.07202999999999998
789,train,1.954542,0.07202999999999998
790,train,1.932145,0.07202999999999998
791,train,1.946427,0.07202999999999998
792,train,1.960402,0.07202999999999998
793,train,1.931855,0.07202999999999998
794,train,1.918357,0.07202999999999998
795,train,1.908796,0.07202999999999998
796,train,1.898981,0.07202999999999998
797,train,1.890333,0.07202999999999998
798,train,1.886020,0.07202999999999998
799,train,1.859053,0.07202999999999998
800,train,1.897557,0.07202999999999998
800,val,1.857690,0.07202999999999998
801,train,1.853956,0.07202999999999998
802,train,1.882899,0.07202999999999998
803,train,1.842979,0.07202999999999998
804,train,1.841472,0.07202999999999998
805,train,1.850829,0.07202999999999998
806,train,1.822289,0.07202999999999998
807,train,1.827640,0.07202999999999998
808,train,1.803486,0.07202999999999998
809,train,1.838742,0.07202999999999998
810,train,1.828372,0.07202999999999998
811,train,1.782124,0.07202999999999998
812,train,1.786089,0.07202999999999998
813,train,1.793903,0.07202999999999998
814,train,1.770914,0.07202999999999998
815,train,1.800252,0.07202999999999998
816,train,1.771844,0.07202999999999998
817,train,1.765132,0.07202999999999998
818,train,1.798628,0.07202999999999998
819,train,1.763039,0.07202999999999998
820,train,1.744879,0.07202999999999998
821,train,1.787322,0.07202999999999998
822,train,1.772608,0.07202999999999998
823,train,1.784796,0.07202999999999998
824,train,1.773754,0.07202999999999998
825,train,1.719689,0.07202999999999998
826,train,1.771536,0.07202999999999998
827,train,1.719670,0.07202999999999998
828,train,1.721728,0.07202999999999998
829,train,1.713503,0.07202999999999998
830,train,1.764726,0.07202999999999998
831,train,1.746750,0.07202999999999998
832,train,1.708504,0.07202999999999998
833,train,1.707939,0.07202999999999998
834,train,1.703891,0.07202999999999998
835,train,1.703858,0.07202999999999998
836,train,1.696091,0.07202999999999998
837,train,1.725135,0.07202999999999998
838,train,1.714762,0.07202999999999998
839,train,1.766628,0.07202999999999998
840,train,1.783865,0.07202999999999998
841,train,1.772886,0.07202999999999998
842,train,1.769343,0.07202999999999998
843,train,1.790138,0.07202999999999998
844,train,1.782864,0.07202999999999998
845,train,1.754115,0.07202999999999998
846,train,1.760003,0.07202999999999998
847,train,1.717891,0.07202999999999998
848,train,1.730500,0.07202999999999998
849,train,1.730437,0.07202999999999998
850,train,1.723607,0.07202999999999998
851,train,1.715267,0.07202999999999998
852,train,1.734541,0.07202999999999998
853,train,1.730000,0.07202999999999998
854,train,1.711112,0.07202999999999998
855,train,1.679439,0.07202999999999998
856,train,1.715784,0.07202999999999998
857,train,1.703975,0.07202999999999998
858,train,1.682211,0.07202999999999998
859,train,1.676435,0.07202999999999998
860,train,1.673751,0.07202999999999998
861,train,1.687114,0.07202999999999998
862,train,1.681468,0.07202999999999998
863,train,1.661857,0.07202999999999998
864,train,1.662454,0.07202999999999998
865,train,1.650309,0.07202999999999998
866,train,1.656896,0.07202999999999998
867,train,1.683004,0.07202999999999998
868,train,1.680705,0.07202999999999998
869,train,1.631954,0.07202999999999998
870,train,1.676325,0.07202999999999998
871,train,1.641666,0.07202999999999998
872,train,1.656551,0.07202999999999998
873,train,1.633513,0.07202999999999998
874,train,1.652364,0.07202999999999998
875,train,1.647560,0.07202999999999998
876,train,1.642553,0.07202999999999998
877,train,1.629201,0.07202999999999998
878,train,1.652428,0.07202999999999998
879,train,1.693049,0.07202999999999998
880,train,1.735421,0.07202999999999998
881,train,1.866681,0.07202999999999998
882,train,2.082663,0.07202999999999998
883,train,2.262446,0.07202999999999998
884,train,5.452744,0.07202999999999998
885,train,2.857147,0.07202999999999998
886,train,3.012643,0.07202999999999998
887,train,6.689252,0.07202999999999998
888,train,3.530112,0.07202999999999998
889,train,3.585402,0.07202999999999998
890,train,3.461554,0.07202999999999998
891,train,3.460828,0.07202999999999998
892,train,3.436443,0.07202999999999998
893,train,3.367193,0.07202999999999998
894,train,3.370788,0.07202999999999998
895,train,3.309577,0.07202999999999998
896,train,3.276835,0.07202999999999998
897,train,3.210143,0.07202999999999998
898,train,3.172781,0.07202999999999998
899,train,3.142335,0.07202999999999998
900,train,3.097809,0.07202999999999998
900,val,3.059768,0.07202999999999998
901,train,3.073806,0.07202999999999998
902,train,3.036316,0.07202999999999998
903,train,3.023205,0.07202999999999998
904,train,3.004724,0.07202999999999998
905,train,2.960829,0.07202999999999998
906,train,2.920721,0.07202999999999998
907,train,2.926545,0.07202999999999998
908,train,2.906538,0.07202999999999998
909,train,2.875460,0.07202999999999998
910,train,2.844814,0.07202999999999998
911,train,2.861258,0.07202999999999998
912,train,2.796304,0.07202999999999998
913,train,2.794816,0.07202999999999998
914,train,2.774697,0.07202999999999998
915,train,2.759176,0.07202999999999998
916,train,2.745132,0.07202999999999998
917,train,2.746464,0.07202999999999998
918,train,2.713351,0.07202999999999998
919,train,2.714464,0.07202999999999998
920,train,2.705795,0.07202999999999998
921,train,2.677821,0.07202999999999998
922,train,2.679516,0.07202999999999998
923,train,2.658493,0.07202999999999998
924,train,2.600552,0.07202999999999998
925,train,2.639896,0.07202999999999998
926,train,2.594311,0.07202999999999998
927,train,2.588293,0.07202999999999998
928,train,2.588543,0.07202999999999998
929,train,2.574574,0.07202999999999998
930,train,2.539668,0.07202999999999998
931,train,2.561865,0.07202999999999998
932,train,2.548937,0.07202999999999998
933,train,2.509203,0.07202999999999998
934,train,2.521245,0.07202999999999998
935,train,2.516688,0.07202999999999998
936,train,2.523864,0.07202999999999998
937,train,2.489632,0.07202999999999998
938,train,2.477173,0.07202999999999998
939,train,2.474290,0.07202999999999998
940,train,2.474275,0.07202999999999998
941,train,2.466215,0.07202999999999998
942,train,2.444525,0.07202999999999998
943,train,2.419592,0.07202999999999998
944,train,2.419561,0.07202999999999998
945,train,2.437860,0.07202999999999998
946,train,2.440870,0.07202999999999998
947,train,2.430847,0.07202999999999998
948,train,2.405919,0.07202999999999998
949,train,2.408305,0.07202999999999998
950,train,2.387645,0.07202999999999998
951,train,2.407733,0.07202999999999998
952,train,2.384603,0.07202999999999998
953,train,2.394822,0.07202999999999998
954,train,2.349934,0.07202999999999998
955,train,2.366658,0.07202999999999998
956,train,2.347404,0.07202999999999998
957,train,2.367962,0.07202999999999998
958,train,2.355630,0.07202999999999998
959,train,2.354643,0.07202999999999998
960,train,2.368034,0.07202999999999998
961,train,2.361055,0.07202999999999998
962,train,2.372250,0.07202999999999998
963,train,2.329613,0.07202999999999998
964,train,2.340011,0.07202999999999998
965,train,2.324911,0.07202999999999998
966,train,2.314347,0.07202999999999998
967,train,2.306828,0.07202999999999998
968,train,2.292229,0.07202999999999998
969,train,2.272988,0.07202999999999998
970,train,2.277631,0.07202999999999998
971,train,2.285635,0.07202999999999998
972,train,2.261999,0.07202999999999998
973,train,2.270156,0.07202999999999998
974,train,2.266808,0.07202999999999998
975,train,2.223919,0.07202999999999998
976,train,2.242732,0.07202999999999998
977,train,2.272261,0.07202999999999998
978,train,2.252863,0.07202999999999998
979,train,2.275826,0.07202999999999998
980,train,2.212635,0.07202999999999998
981,train,2.224021,0.07202999999999998
982,train,2.183975,0.07202999999999998
983,train,2.232136,0.07202999999999998
984,train,2.185488,0.07202999999999998
985,train,2.183295,0.07202999999999998
986,train,2.205419,0.07202999999999998
987,train,2.167302,0.07202999999999998
988,train,2.200718,0.07202999999999998
989,train,2.213743,0.07202999999999998
990,train,2.170385,0.07202999999999998
991,train,2.168103,0.07202999999999998
992,train,2.124204,0.07202999999999998
993,train,2.123886,0.07202999999999998
994,train,2.134225,0.07202999999999998
995,train,2.165553,0.07202999999999998
996,train,2.134094,0.07202999999999998
997,train,2.111628,0.07202999999999998
998,train,2.113050,0.07202999999999998
999,train,2.108196,0.07202999999999998
1000,val,2.148572,0.07202999999999998
